keyword,source,global_28d_volume,average_volume,kd,zero_click,cluster,owner,decision,notes
"graveyard keeper 2","Similarweb Phrase Match","33.2K","17.5K","14","65%","brand","/","BUILD_PRELAUNCH","NAV+INFO; official and storefront SERP"
"graveyard keeper 2 release date","Similarweb Phrase Match","7.9K","2.4K","17","83%","release","/release-date/","BUILD_PRELAUNCH","largest non-brand cluster"
"graveyard keeper 2 release","Similarweb Phrase Match","100","130","13","84%","release","/release-date/","STRENGTHEN_OWNER","same task as release date"
"graveyard keeper 2 estimated release date","Similarweb Phrase Match","<50","60","19","80%","release","/release-date/","STRENGTHEN_OWNER","same task"
"graveyard keeper 2 expected release date","Similarweb Phrase Match","<50","53","23","88%","release","/release-date/","STRENGTHEN_OWNER","same task"
"graveyard keeper 2 when","Similarweb Phrase Match","280","<50","UNKNOWN","UNKNOWN","release","/release-date/","STRENGTHEN_OWNER","fresh question variant"
"graveyard keeper 2 price","Similarweb exact seed","NO_ROW","UNKNOWN","UNKNOWN","UNKNOWN","price","/release-date/","HUB_ONLY","Google related search and transactional SERP; merge with release"
"graveyard keeper 2 pre order ps5","Similarweb Phrase Match","250","<50","UNKNOWN","UNKNOWN","price","/release-date/","STRENGTHEN_OWNER","store-specific preorder variant"
"graveyard keeper 2 pre order bonuses","Similarweb Phrase Match","140","<50","UNKNOWN","UNKNOWN","price","/release-date/","STRENGTHEN_OWNER","official-answer variant"
"graveyard keeper 2 cheap key","Similarweb Phrase Match","210","<50","UNKNOWN","UNKNOWN","price","/release-date/","NO_SEPARATE_PAGE","commercial comparison intent; do not optimize for grey-market keys"
"key graveyard keeper 2","Similarweb Phrase Match","190","<50","UNKNOWN","UNKNOWN","price","/release-date/","NO_SEPARATE_PAGE","commercial comparison intent"
"graveyard keeper 2 system requirements","Similarweb exact seed","NO_ROW","UNKNOWN","UNKNOWN","UNKNOWN","requirements","/system-requirements/","BUILD_PRELAUNCH","complete official Steam data and thin exact-match SERP"
"graveyard keeper 2 platforms","Similarweb exact seed","NO_ROW","UNKNOWN","UNKNOWN","UNKNOWN","platforms","/platforms/","BUILD_PRELAUNCH","Google related-search signal; cross-store task"
"graveyard keeper 2 switch","Similarweb Phrase Match","1.4K","<50","UNKNOWN","UNKNOWN","platforms","/platforms/","STRENGTHEN_OWNER","large current surge; Nintendo leads"
"graveyard keeper 2 switch 2","Similarweb Phrase Match","730","<50","UNKNOWN","UNKNOWN","platforms","/platforms/","STRENGTHEN_OWNER","platform variant"
"graveyard keeper 2 nintendo switch","Similarweb Phrase Match","550","<50","UNKNOWN","UNKNOWN","platforms","/platforms/","STRENGTHEN_OWNER","platform variant"
"graveyard keeper 2 steam","Similarweb Phrase Match","1K","200","UNKNOWN","48%","platforms","/platforms/","STRENGTHEN_OWNER","navigational store intent"
"graveyard keeper 2 ps5","Similarweb exact seed","NO_ROW","UNKNOWN","UNKNOWN","UNKNOWN","platforms","/platforms/","STRENGTHEN_OWNER","Google related-search signal; official store exists"
"will graveyard keeper 2 be on ps5","Similarweb Phrase Match","190","<50","UNKNOWN","UNKNOWN","platforms","/platforms/","STRENGTHEN_OWNER","question variant"
"graveyard keeper 2 xbox","Similarweb exact seed","NO_ROW","UNKNOWN","UNKNOWN","UNKNOWN","platforms","/platforms/","STRENGTHEN_OWNER","official store exists"
"graveyard keeper 2 multiplayer","Similarweb Phrase Match","260","224","UNKNOWN","85%","multiplayer","/multiplayer/","BUILD_PRELAUNCH","distinct current task; Reddit leads Similarweb"
"is graveyard keeper 2 multiplayer","Similarweb Phrase Match","340","<50","UNKNOWN","UNKNOWN","multiplayer","/multiplayer/","STRENGTHEN_OWNER","question form has higher current volume"
"graveyard keeper 2 coop","Similarweb Phrase Match","<50","50","UNKNOWN","UNKNOWN","multiplayer","/multiplayer/","STRENGTHEN_OWNER","spelling variant"
"graveyard keeper 2 co op","Similarweb exact seed","NO_ROW","UNKNOWN","UNKNOWN","UNKNOWN","multiplayer","/multiplayer/","STRENGTHEN_OWNER","hyphenation/spacing variant"
"graveyard keeper 2 gameplay","Similarweb Phrase Match","440","107","19","86%","gameplay","/gameplay/","BUILD_PRELAUNCH","video-heavy SERP; page must synthesize official evidence"
"what are they adding to graveyard keeper 2","Similarweb Questions","<50","<50","17","81%","gameplay","/gameplay/","STRENGTHEN_OWNER","only sequel-specific English question in Questions tab"
"graveyard keeper 2 story","Similarweb Phrase Match","<50","99","17","88%","gameplay","/gameplay/","STRENGTHEN_OWNER","avoid speculative plot detail"
"is graveyard keeper 2 a direct sequel","Similarweb Phrase Match","70","<50","UNKNOWN","UNKNOWN","gameplay","/gameplay/","STRENGTHEN_OWNER","answer only from official evidence"
"graveyard keeper 2 how long","Similarweb Phrase Match","180","<50","UNKNOWN","UNKNOWN","gameplay","none","HOLD_FOR_RELEASE","runtime cannot be verified before release"
"graveyard keeper 2 latest devblog","Similarweb Phrase Match","550","<50","UNKNOWN","UNKNOWN","updates","/gameplay/","HUB_ONLY","official news is source material, not a separate prelaunch owner"
"graveyard keeper 2 blog","Similarweb Phrase Match","520","<50","UNKNOWN","UNKNOWN","updates","/gameplay/","HUB_ONLY","official site leads"
"graveyard keeper 2 announcement","Similarweb Phrase Match","130","<50","UNKNOWN","UNKNOWN","updates","/release-date/","HUB_ONLY","historical announcement intent"
"graveyard keeper 2 updates","Similarweb exact seed","NO_ROW","UNKNOWN","UNKNOWN","UNKNOWN","updates","none","HOLD_NO_DEMAND","official Steam News owns this task"
"graveyard keeper 2 roadmap","Similarweb exact seed","NO_ROW","UNKNOWN","UNKNOWN","UNKNOWN","updates","none","HOLD_NO_OFFICIAL_ROADMAP","do not invent forward-looking states"
"graveyard keeper 2 review","Similarweb Phrase Match","270","<50","24","90%","review","none","HOLD_FOR_RELEASE","highest measured KD; no released build"
"graveyard keeper 2 wiki","Similarweb exact seed","NO_ROW","UNKNOWN","UNKNOWN","UNKNOWN","wiki","none","HOLD_FOR_RELEASE","two dedicated wiki competitors; insufficient entity data"
"graveyard keeper 2 beginner guide","Similarweb exact seed","NO_ROW","UNKNOWN","UNKNOWN","UNKNOWN","beginner","none","HOLD_FOR_RELEASE","SERP heavily contaminated by Graveyard Keeper 1"
"graveyard keeper 2 crafting","Similarweb exact seed","NO_ROW","UNKNOWN","UNKNOWN","UNKNOWN","crafting","none","HOLD_FOR_RELEASE","exact records unavailable"
"graveyard keeper 2 recipes","Similarweb exact seed","NO_ROW","UNKNOWN","UNKNOWN","UNKNOWN","crafting","none","HOLD_FOR_RELEASE","exact records unavailable"
"graveyard keeper 2 automation","Similarweb exact seed","NO_ROW","UNKNOWN","UNKNOWN","UNKNOWN","automation","/gameplay/","HUB_ONLY","official overview exists; optimization data unavailable"
"graveyard keeper 2 teleport stones","Similarweb Phrase Match","<50","<50","UNKNOWN","UNKNOWN","items","none","HOLD_FOR_RELEASE","likely launch-sensitive; exact mechanics unverified"
"graveyard keeper 2 early access","Similarweb Phrase Match","760","<50","UNKNOWN","UNKNOWN","release","/release-date/","STRENGTHEN_OWNER","official status answer"
"is graveyard keeper 2 starting in early access","Similarweb Phrase Match","160","<50","UNKNOWN","UNKNOWN","release","/release-date/","STRENGTHEN_OWNER","question variant"
"graveyard keeper 2 reddit","Similarweb Phrase Match","70","<50","UNKNOWN","UNKNOWN","community","none","NO_PAGE","navigational/community intent"
"graveyard keeper 2 youtube","Similarweb Phrase Match","360","<50","UNKNOWN","UNKNOWN","video","/gameplay/","HUB_ONLY","embed/link official video; do not create a thin page"
"graveyard keeper 2 ai","Similarweb Phrase Match","440","92","UNKNOWN","UNKNOWN","controversy","none","NO_PRELAUNCH_PAGE","news/reputation intent, not evergreen player task"
"graveyard keeper 2 ai reddit","Similarweb Phrase Match","190","<50","UNKNOWN","UNKNOWN","controversy","none","NO_PAGE","community navigation"
"graveyard keeper 2 ai use","Similarweb Phrase Match","130","<50","UNKNOWN","UNKNOWN","controversy","none","NO_PRELAUNCH_PAGE","requires careful first-party evidence and no durable task"
"graveyard keeper ii","Similarweb Related","<50","242","16","64%","brand","/","STRENGTHEN_OWNER","title variation"
"graveyard keeper2","Similarweb Phrase Match","<50","257","16","57%","brand","/","STRENGTHEN_OWNER","spacing variation"
"gravyard keeper 2","Similarweb Related","<50","110","13","80%","brand","/","STRENGTHEN_OWNER","misspelling; do not place in visible copy"
